ID,Year,Zip,TotalPopulationMedianAge,Population12to17Years,Population0to5Years,Population18to24Years,Population25to34Years,Population35to44Years,Population45to54Years,Population55to64Years,Population6to11Years,Population65to74Years,Population75to84Years,Population85YearsandOlder,EmploymentTravelTime3059Min,EmploymentTravelTime90Min,EmploymentTravelTime6089Min,EmploymentTravelTime1529Min,EmploymentTravelTimeLessthan15Min,EmploymentWorkatHome,EmploymentWalkedtoWork,EmploymentSubwayorElevatedtoWork,EmploymentCarTruckVantoWork,EmploymentFerrytoWork,EmploymentPublicTransportationtoWork,EmploymentRailroadtoWork,EmploymentTaxitoWork,EmploymentOtherTransportationtoWork,EmploymentBicycletoWork,EmploymentBusorTrolleyBustoWork,EducationCollegeMastersorDoctorateDegree,@#EducationAttainmentSomeCollege,@#EducationAttainmentBachelorsDegree,@#EducationEnrolledPublicSchool,EducationHighSchool_A,EducationAttainmentMastersDegree,EducationHighSchool,EducationAttainmentDoctorateDegree,@#EducationAttainmentAssociatesDegree,@#EducationEnrolledPrivateSchool,EmploymentCivilianTotalEmployed,EmploymentBlueCollar,EmploymentWhiteCollar,EmploymentWholesaleTrade,EmploymentArtsEntertainmentAccommodationandFoodServicesetc,EmploymentOtherServices,EmploymentFinanceandInsurance,EmploymentInformation,EmploymentManufacturing,EmploymentEducationalServices,EmploymentAgricultureForestryFishingandHunting,EmploymentConstruction,EmploymentProfessionalScientificandTechnicalServices,EmploymentRetailTrade,EmploymentTransportationandWarehousing,EmploymentRealEstateandRentalandLeasing,EmploymentManagementofCompaniesandEnterprises,EmploymentHealthCareandSocialAssistance,EmploymentArtsEntertainmentandRecreation,EmploymentAdministrativeandSupportandWasteMgtServices,EmploymentUtilities,EmploymentPublicAdministration,EmploymentMiningQuarryingandOilandGasExtraction,AsianHouseholdIncomeMedian$,AsianHouseholdIncomeAverage$,AsianHouseholdIncomePerCapita$,AsianHouseholdIncomeTotal$,AsianHouseholdIncomeHighIncomeAverage$,BlackHouseholdIncomeMedian$,BlackHouseholdIncomeTotal$,BlackHouseholdIncomeAverage$,BlackHouseholdIncomeHighIncomeAverage$,BlackHouseholdIncomePerCapita$,FamilyIncPerCapita$,FamilyIncomeTotal$,FamilyIncomeAverage$,FamilyIncomeHighIncomeAverage$,FamilyIncomeMedian$,HispanicHouseholdIncomeTotal$,HispanicHouseholdIncomeAverage$,HispanicHouseholdIncomeMedian$,HispanicHouseholdIncomePerCapita$,HispanicHouseholdIncomeHighIncomeAverage$,WhiteHouseholdIncomePerCapita$,OtherRaceHouseholdIncomePerCapita$,NonFamilyIncMedian$,NonFamilyIncAverage$,NonFamilyIncPerCapita$,NonFamilyIncHighIncomeAverage$,NonFamilyIncTotal$,OtherRaceHouseholdIncomeMedian$,OtherRaceHouseholdIncomeTotal$,OtherRaceHouseholdIncomeAverage$,OtherRaceHouseholdIncomeHighIncomeAverage$,WhiteHouseholdIncomeTotal$,EducationIndex,CultureIndex,ReligionIndex,@#PopulationPop,FamilyPopulation,NonFamilyPopulation,PopulationDensitypersqmile,AggravatedAssaultIndex,EASIQualityofLifeIndex,MotorVehicleTheftIndex,ForcibleRapeIndex,MurderIndex,LarcenyIndex,ForcibleRobberyIndex,BurglaryIndex,EASITotalCrimeIndex,AsianPopulation,AsianHouseholds,BlackPopulation,BlackHouseholds,HispanicPopulation,HispanicHouseholds,OtherRaceHouseholds,OtherRacePopulation,WhiteHouseholds,WhitePopulation,WhiteNonHispanicHouseholds,WhiteNonHispanicPopulation,HouseholdswRent$1000$1249,HouseholdswRent$1250$1499,HouseholdswRent$1500$1999,HouseholdswRent$2000,HouseholdswRent$250$499,HouseholdswRent$500$749,HouseholdswRent$750$999,HouseholdswRentlessthan$250,VacantUnits,VacantUnitsForRent,VacantUnitsForSale,VacantUnitsSeasonal,VacantUnitsOther,@#Entrances,@#Lines,@#Stations,HousingMedianRent$
646,2010,10012,35.7,2.67965,3.17896,7.81842,32.3181,16.1569,13.1569,11.118,2.93763,5.63392,3.62834,1.37311,25.2799,1.54201,5.0611,37.9807,20.3532,9.7831,26.0285,46.3561,6.53273,0.76338,55.3394,1.68917,3.41673,0.678226,1.574,3.49351,67.2455,1519,8243,1390,8.84731,18.8523,7.89421,7.26048,402,3001,95.9246,4.41487,87.44,1.82353,6.40476,3.33355,15.4009,8.88733,4.37008,15.2793,0.281528,1.91951,16.7765,6.75027,0.895771,2.07947,0.127967,5.02911,6.79506,2.13705,0.390114,1.70836,0.079331,46806,77792.83079,33742,132403398,239054,56845,21480934,84904.87747,208061,35564,63708,668493079,170143.3136,349587,129936,68688655,80525.97304,68917,36000,212551,81358,31487,79835,107072.4595,88949,302058,1023719785,35000,16814312,63211.69925,206621,1481113636,180,198,111,24738,43.6608,47.8883,71584.9,171,123,166,54,183,86,137,73,159,16.3275,12.9361,2.51321,1.92293,7.93908,6.48324,2.02174,2.22194,80.2539,75.75,78.0345,71.1688,8.9224,9.10488,20.5244,29.879,7.86592,12.2647,5.47445,3.89935,8.87873,18.9548,1.48206,39.7816,18.0187,21,9,5,1535
685,2010,10128,38.3,3.64152,6.0611,4.76461,24.0191,18.8218,13.6375,12.2826,5.23134,6.42574,3.82789,1.28677,52.4276,1.82035,5.01474,27.903,7.98193,4.85245,11.7633,52.4492,9.9835,0.76338,72.7137,1.75543,5.31227,0.384085,0.175813,12.9967,64.9808,3633,18941,3642,4.71443,22.662,6.59939,4.09284,1908,7320,94.6227,2.05026,93.2947,2.46409,1.76354,3.31882,18.8039,9.09361,3.56496,7.96029,0.094669,1.10357,19.8453,5.36907,0.787103,3.80028,0.365151,12.9345,3.35128,2.30721,0.164994,2.90768,0.079331,74906,87047.97016,43479,253831881,243709,50334,86728800,58999.18367,233700,28223,81481,2904377759,229323.1551,376382,186842,204146782,67598.27219,44538,32559,214999,90846,27619,83004,105969.3549,80783,282252,2026028097,36900,45626625,60272.95244,219775,4490053079,139,195,153,60055,57.7668,40.645,129110.5,173,117,147,39,167,62,125,58,145,9.46115,8.96624,4.98015,4.52002,10.1613,9.28602,2.32766,2.67725,81.7723,80.0989,79.3955,74.1998,8.14362,9.31427,23.0011,33.6804,4.59004,7.96317,7.22747,4.32167,8.3655,23.2401,3.19973,42.0007,16.7733,5,3,2,1664
746,2010,11101,35.2,6.37808,6.52909,8.8229,21.9206,18.0664,12.918,8.84806,5.98979,6.03293,3.12792,1.36622,46.001,2.62216,10.8246,25.6081,10.4959,4.44818,7.45015,56.0879,20.7582,0.03652,66.5693,1.53385,0.869184,0.109561,0.613542,7.81535,28.3526,2629,4263,5206,24.3036,6.03363,24.9602,1.11421,1581,1560,89.1225,17.6905,60.8502,4.06106,10.4813,6.79278,6.92426,4.71843,6.89504,8.48002,0.175298,3.29413,6.49332,10.5836,6.89504,2.79746,0.094953,9.48798,3.03119,4.25827,0.175298,4.36053,0.079331,36946,50843.14721,17650,80128800,206300,18657,67635250,32737.29429,246925,12576,20118,399828292,63941.83464,239816,43790,139864550,42153.27004,33257,14563,208500,36573,16290,40420,54026.02545,40261,244518,295036125,32715,70225224,45423.81889,210853,444688760,190,193,112,28116,71.4532,26.3464,14110.1,148,117,143,70,155,50,94,40,132,16.3227,13.7127,19.3356,17.9762,34.5294,28.8697,13.4517,15.4994,50.1001,43.7154,38.6583,29.007,13.9641,11.031,8.651,6.72526,14.1813,16.8181,15.4948,11.4359,14.0003,28.0064,1.22929,6.03955,29.6633,49,8,12,858
762,2010,11211,30.6,8.0665,9.96601,10.9856,23.3901,13.2016,10.0241,8.00725,7.77358,4.17244,3.05443,1.35839,49.1847,2.04071,6.32721,23.0656,12.722,6.65983,14.7402,53.1686,14.8727,0.76338,60.2461,0.497674,0.740259,0.875306,2.23078,5.56695,31.12,6375,13036,10370,30.8317,7.32454,19.9271,0.737583,2608,16222,94.6168,11.9417,69.0892,3.82134,9.47332,5.00675,4.31651,7.50513,7.4326,11.0264,0.141886,3.84385,13.3747,9.1532,2.59841,2.97854,0.11504,8.50298,5.84705,2.90602,0.225079,1.87316,0.079331,54811,59790.64339,24880,87354130,202454,23800,74745930,40534.6692,231580,16119,15659,1021422718,91533.53508,255520,38301,322961480,38076.09998,24382,13585,245220,23652,15995,48333,84586.6476,41940,226548,979090446,26354,165772045,43102.4558,214465,1599425188,161,186,185,59195,72.9261,26.1001,40359.5,156,114,171,83,176,77,146,61,153,3.92536,4.37451,5.18425,5.52129,26.5798,25.3967,11.5157,11.5871,74.8398,75.6037,64.2044,63.7427,11.8362,8.81566,13.4767,9.60023,15.299,16.2262,11.5509,11.3798,9.96388,14.421,5.89827,7.1158,59.1721,31,5,8,884
858,2011,10012,35.8,2.69625,3.19866,7.8543,32.0201,16.2236,13.1296,11.2246,2.98514,5.66464,3.60477,1.39837,25.3178,1.54745,4.95056,38.0634,20.5214,9.59933,26.5763,46.4749,6.4017,0.76338,55.0854,1.63734,3.26185,0.661359,1.61166,3.33248,67.508,1494,8144,1364,8.81436,19.2025,7.65788,7.35619,405,2990,95.8577,4.2571,87.5369,1.81713,6.47875,3.30679,15.757,8.64903,4.23783,15.2562,0.282522,1.84924,16.7073,6.94106,0.931039,2.08039,0.121998,5.0854,6.70348,2.1446,0.390114,1.65019,0.079331,48796,81891.60331,35625,138724376,247503,57143,21426914,85027.43651,207781,35891,63396,654056606,172029.6176,346254,130202,68732257,81726.82164,69630,36347,217569,81082,31987,80276,111248.2992,89350,304437,1030826740,39500,16217350,63597.45098,208500,1467673800,181,197,90,23885,43.1945,48.3023,71144.1,157,120,153,67,163,91,123,78,149,16.3031,12.963,2.49948,1.92837,7.9171,6.43557,1.95133,2.12267,80.1882,75.784,78.4894,71.053,8.9284,8.88008,20.6493,30.6793,7.83651,11.692,5.42081,3.87477,9.15537,19.2103,1.59453,38.8762,18.7547,21,9,5,1557
897,2011,10128,38.4,3.63999,6.08464,4.81244,23.709,18.9047,13.6361,12.3557,5.31609,6.47219,3.78716,1.28201,52.4393,1.85019,4.91933,27.9324,8.02656,4.83226,12.116,53.0025,9.88491,0.76338,72.4812,1.70326,5.11795,0.380921,0.176856,12.4561,65.1766,3573,18622,3584,4.65999,23.0082,6.35546,4.1744,1902,7324,94.5415,1.9944,93.3393,2.44606,1.774,3.25416,19.2392,8.8673,3.44462,7.91228,0.09523,1.0829,19.7018,5.50703,0.81626,3.80649,0.367317,13.0629,3.33034,2.32634,0.160531,2.80521,0.079331,77740,91404.56619,45901,264433410,252730,50687,85921912,59420.40941,234579,28236,81242,2844292204,228292.1747,375838,186741,204987628,68695.58579,45000,32977,217818,90546,28122,83799,103409.0645,81284,283806,2045431296,38000,43785506,60644.74515,215758,4440305385,139,196,195,61154,57.2489,41.1486,127957.6,110,120,93,29,102,45,76,43,93,9.42048,8.9736,4.97596,4.48525,10.1645,9.25587,2.23952,2.54603,81.7984,80.1894,79.683,74.1652,8.10849,8.97675,23.0511,34.5859,4.5654,7.595,7.12819,4.25731,8.65069,23.8782,3.11169,41.1399,17.36,5,3,2,1684
958,2011,11101,35.3,6.29386,6.51224,8.80352,21.9462,18.0009,13.0209,8.97537,5.943,6.03251,3.10397,1.36761,46.1627,2.58937,10.9473,25.7211,10.2856,4.29404,7.37251,56.6209,20.5351,0.028771,67.0215,1.51766,0.863123,0.10789,0.618572,7.7753,28.6618,2678,4370,5185,24.239,5.96462,24.5602,1.102,1594,1554,89.1104,17.6077,60.6776,4.0351,10.451,6.79709,6.78271,4.74718,6.85464,8.52334,0.179817,3.29425,6.3943,10.5876,6.91218,2.69007,0.086312,9.67417,3.07128,4.32281,0.165432,4.4307,0.079331,39005,53409.99622,18462,84815074,223533,18657,67538804,32754.02716,247271,12551,20157,402220304,63531.87553,236947,44026,144770406,42971.32858,33664,14919,234364,36546,16185,40768,57596.01024,40480,252493,298174545,32577,69303950,45237.56527,208500,445859840,190,193,90,27932,71.4378,26.3712,14170,109,118,114,46,114,48,71,39,98,16.4471,13.7991,19.2646,17.918,34.7415,29.2753,13.3125,15.3301,50.0695,43.6775,38.1734,28.8236,14.4109,10.8574,8.88867,6.91013,14.2731,16.3402,15.2377,11.3889,14.4641,27.5951,1.18191,6.01233,30.3186,49,8,12,867
974,2011,11211,30.6,7.93072,9.94443,10.9395,23.6893,13.1892,9.93884,8.06154,7.81891,4.15041,2.99988,1.33725,49.7033,2.06352,6.22781,22.7161,12.5152,6.77411,14.9959,53.3113,14.6185,0.76338,60.1351,0.481736,0.722604,0.85173,2.25224,5.34876,31.3518,6419,13130,10236,30.9848,7.4374,19.5825,0.746387,2546,16103,94.6996,11.7727,69.072,3.78436,9.71667,4.99863,4.23133,7.31792,7.42718,10.9881,0.141886,3.80174,13.6227,9.08843,2.55271,2.95001,0.119192,8.41797,5.92734,2.97733,0.223486,1.85493,0.079331,56532,62546.33242,25718,91067460,220230,23952,74712755,40671.06968,230955,16221,15649,1017953761,56748.45362,250729,38322,329217825,38813.70255,24730,13822,258479,23669,15873,48670,63939.45008,42078,230945,989462990,26250,159462112,42728.32583,212096,1609051878,160,186,177,89437,72.7339,26.2922,40356.4,153,112,165,93,165,90,135,71,149,3.95921,4.35759,5.14999,5.49786,26.6322,25.3853,11.1693,11.2325,75.2162,76.0099,64.4779,63.8438,12.1443,8.92501,13.8162,9.83921,15.3137,15.6624,11.4115,11.0166,10.2091,14.5038,5.92261,7.10713,59.0945,31,5,8,905
1070,2012,10012,34.4,2.2929,3.5264,14.5444,28.8397,14.1293,10.2589,10.9468,2.4353,7.373,4.0403,1.613,24.4098,1.4403,3.8449,37.817,23.3703,9.1177,28.8872,48.2623,5.4105,0.76338,52.4203,1.528,1.8599,0.3006,1.7784,2.2606,67.1651,1583,7920,8249.914894,7.9834,19.1264,8.4801,7.4816,427,3238.169288,94.7546,4.5776,85.5157,1.7972,6.6629,2.6489,15.8181,6.6817,4.0641,17.1457,0.0626,1.8599,17.2584,7.1514,1.1961,2.7804,0.00626,5.5232,6.0805,1.6845,0.390114,1.5781,0.079331,48261,103597.853,48133,215587132,749431,67602,34776362,114773.4719,364181,54169,66524,714135393,172746.8295,352640,129815,90922316,94612.19147,77867,43400,235354,76919,27041,72515,106805.1047,79958,331654,1037291177,37727,13953000,59628.20513,208500,1443538538,188,197,116,25295,42.4392,51.2868,73385.2,153,122,147,62,158,87,118,76,144,17.7071,15.0296,2.5381,2.1884,8.2823,6.9406,1.69,2.0399,78.3042,74.1925,71.7897,67.9186,7.0216,6.8959,19.0626,38.6549,7.4706,9.7154,6.0519,2.4423,9.5447,43.0527,5.8864,30.1164,10.2669,21,9,5,1738
1109,2012,10128,37.6,4.3731,5.3783,9.005,23.1128,14.0093,11.9555,12.1875,4.4265,8.7846,4.8273,1.9403,49.7412,1.5728,5.4905,29.9419,8.587,4.6665,14.2048,56.1338,9.6915,0.76338,67.2391,1.8996,3.4724,0.2891,0.3296,8.9889,63.1171,4003,15981,8249.914894,5.4429,23.1475,8.1404,5.232,1545,3238.169288,93.4178,3.1399,89.3978,1.807,2.6513,2.9693,17.7581,6.4041,3.51,10.3016,0.1735,0.9368,17.3765,5.5888,1.914,4.0535,0.43947,16.087,3.0965,2.2407,0.1185,2.5732,0.079331,77465,132666.7246,67234,425860186,631356,36265,102031212,54620.56317,295562,30421,93771,3266968447,252978.8173,464351,170816,294738030,91476.73184,46967,43814,451282,94797,32598,75279,97146.87238,74478,300092,1815480751,47470,52971650,67738.68286,233650,4424920832,146,197,198,59889,58.1743,40.702,128396.2,110,122,94,31,103,45,76,43,93,10.5762,10.1576,5.6004,5.911,11.2324,10.1956,2.4745,2.7134,79.1184,77.9409,71.0525,70.3852,7.6349,8.1859,23.4379,35.7835,4.4129,6.9105,8.1726,3.6486,8.7412,43.5084,6.2108,31.5494,10.968,5,3,2,1716
1170,2012,11101,33.8,6.1926,6.0004,11.0755,24.1235,16.474,12.7854,9.0423,5.5138,5.1551,2.7217,0.9158,48.8459,2.5984,10.6017,25.8577,7.7825,4.3138,5.8148,63.4397,17.7598,0.0757,70.7619,1.7911,0.6496,0.1577,0.4352,5.2094,33.2479,3145,5781,8249.914894,20.0836,6.3259,23.1319,0.9307,1672,3238.169288,86.5502,13.7361,63.6794,3.1912,11.5666,8.0096,7.9717,4.7048,5.6446,7.3411,0.1829,2.7308,7.4798,9.7944,6.8113,1.9929,0.19551,10.9422,2.8128,4.3832,0.2018,4.0174,0.0252,45652,61146.48837,22729,131464950,518490,21388,81973840,37585.43787,229918,15214,21435,469896214,68328.66279,247674,50276,197799252,53691.43648,41726,18100,277776,35918,15242,43403,59065.47648,41473,256484,361598847,39075,73223575,49375.30344,200025,486116174,182,195,96,31231,70.1931,27.9178,12011.2,113,118,115,45,117,49,71,40,101,18.5201,16.5397,17.2521,16.7782,34.9909,28.3406,11.4086,15.3822,50.4885,43.3351,36.2105,29.0673,17.9959,12.8683,12.9314,8.5158,10.7597,14.202,14.2922,7.11,14.6487,20.753,16.2707,3.0928,57.5078,49,8,12,1041
1186,2012,11211,30,6.0332,9.6153,14.0826,28.2272,12.2417,8.0288,7.3189,6.2257,3.9964,2.9857,1.2445,51.0238,2.4674,6.2907,21.5045,11.9894,6.7243,15.3102,56.6571,12.0926,0.0551,61.7846,0.5644,0.468,0.4852,2.7289,4.2293,35.5216,4591,9740,8249.914894,27.5101,8.6342,18.1272,0.7461,1546,3238.169288,93.2095,11.4594,67.0842,3.2658,11.4009,4.835,3.9334,6.4799,6.972,10.4408,0.0034,3.6478,15.9503,7.4228,2.1542,2.4433,0.14453,9.6562,5.2686,3.2279,0.1445,2.4743,0.1342,49236,55562.5792,25525,69453224,276436,26942,48552876,41146.50508,253242,15657,17578,674579110,61627.91065,294356,43415,351238676,54684.52063,33461,20089,691474,25026,17974,47660,61861.13686,36978,268182,712825880,35494,130149868,50641.97198,210342,1062360760,162,188,194,58178,65.9631,33.1345,41057.7,162,115,175,100,175,100,146,79,158,4.677,5.5632,5.3302,5.2517,30.0526,28.5861,11.438,12.4463,73.163,72.9674,58.2046,58.3399,14.3493,11.9897,17.806,11.7982,9.6145,14.8098,10.0026,8.1604,7.668,50.5895,13.1833,5.5198,27.1704,31,5,8,1116
1282,2013,10012,34.4,2.2692,3.7767,13.4596,29.659,14.2931,10.6481,11.0309,2.5484,7.2263,3.6012,1.4875,25.6989,1.4295,3.1512,38.31,21.601,9.8094,26.9504,50.4066,5.9022,0.76338,53.3164,1.0673,1.9187,0.2795,1.5883,1.3151,68.7644,1596,8297,1384,6.7946,19.166,7.1681,7.1476,373,3387,93.7854,3.9771,87.1982,1.8361,6.0038,2.5413,15.4193,6.6518,3.3418,15.5273,0.0762,2.141,18.9898,7.4524,0.8069,2.859,0.137286,5.0191,8.0305,1.6264,0.390114,1.6773,0.079331,45769,89229.62312,41386,172123943,457457,73148,29151634,106005.9418,665349,45980,70271,755769449,188518.1963,374894,134375,82040591,94516.80991,78571,42420,223269,83133,28766,70836,112071.6436,84989,360890,1082500006,42500,14411751,72786.62121,339141,1566142931,90,91,92,25075,42.8913,50.7956,73840.6,156,91,152,66,162,91,126,78,147,16.5862,14.1133,2.5284,2.012,7.7129,6.3506,1.4486,1.998,79.4776,75.1306,73.3758,69.3081,6.9198,7.5132,17.1627,42.6602,7.0294,8.5174,6.2443,2.2275,9.2611,40.8602,6.3799,31.8996,10.1792,21,9,5,1811
1321,2013,10128,37.3,4.2647,5.8581,8.146,23.7565,13.925,12.3021,12.1144,4.7503,8.7155,4.3421,1.8254,49.3877,1.7128,5.4099,29.7845,7.5732,6.1319,13.6878,56.6894,9.3062,0.0375,66.2325,1.5424,3.5267,0.3293,0.4217,7.9631,64.6839,3742,16586,3243,5.0247,23.4087,5.8778,5.8115,1494,7554,93.0024,2.8826,90.4772,1.811,2.3453,3.6249,18.2398,6.0308,3.2552,10.1525,0.1098,1.0976,20.0624,5.4965,1.6204,3.4169,0.15308,14.5717,3.4198,1.8688,0.1271,2.5966,0.079331,89049,131622.9217,67817,405003730,471820,45769,107187774,62137.84,277718,32839,94950,3383557713,260373.814,482716,170119,277723835,93635.8176,46068,44266,409183,98588,35181,75098,103764.7575,81809,342004,2000895819,51389,55058314,80612.46559,243929,4723536918,96,137,85,60754,58.6546,40.2574,129506,110,101,93,30,102,45,76,43,93,9.8298,9.5328,5.3725,5.3442,10.3269,9.1889,2.116,2.576,80.5409,78.8623,72.8236,71.8027,6.3835,9.3352,24.8689,38.4642,4.4055,5.8593,6.573,2.9605,8.4442,41.6527,6.6174,33.4565,11.0514,5,3,2,1780
1382,2013,11101,33.9,6.0997,6.6484,10.2897,23.9142,16.1114,12.8763,9.5236,5.6579,5.2873,2.6401,0.9513,46.9425,1.9269,11.5538,28.8592,7.8674,2.8503,5.686,62.2701,17.8797,0.1236,72.3769,1.8978,0.3417,0.2327,0.5817,7.6929,34.0179,2810,5122,5168,21.7459,7.4152,20.9864,1.0093,1482,1710,87.4873,12.4118,62.2919,2.5449,10.7031,5.846,5.7078,5.2207,5.9914,7.5547,0.1309,3.1557,9.9905,11.0521,4.7917,2.923,0.0509,12.7827,3.5047,4.1446,0.0436,3.8173,0.0436,49137,63211.28271,23628,117383352,310031,22568,80511606,37745.71308,233733,14705,22250,446677995,72927.01959,296194,50027,175692397,53843.82378,41429,17819,278641,40557,14568,44619,63332.29926,46320,320290,344527708,33122,66124564,47198.11849,249712,464014781,126,91,141,28067,71.5253,26.5009,12818.4,109,98,111,45,112,47,69,38,97,17.7005,16.0571,19.5069,18.4436,35.1302,28.2144,12.1141,16.172,48.1453,40.7632,33.6619,27.4735,13.0603,12.4809,16.8208,9.9095,11.7492,14.4832,12.2777,7.7549,15.7131,20.872,17.115,3.1076,56.8646,49,8,12,1058
1398,2013,11211,30.3,6.0457,9.4691,12.7499,28.6432,12.2832,8.0892,7.765,6.504,4.1447,2.9533,1.3527,51.7225,2.4681,5.5609,22.6407,10.7214,6.8864,15.0639,56.1719,11.4532,0.0311,61.9399,0.7939,0.3107,0.5212,3.2137,4.622,35.7844,5374,9891,6779,26.6464,9.3565,17.1701,0.6921,1474,7672,91.8924,10.8595,69.2026,2.8133,10.718,5.2744,3.9627,7.2523,6.4273,10.8561,0.141886,3.2102,15.913,8.3845,2.9237,1.9468,0.10356,8.5778,6.7829,2.7132,0.0552,1.9883,0.0967,55390,62660.14195,28003,78575818,255898,34806,53272729,49008.95032,234739,18077,17662,688813205,63514.35731,348198,41493,365384008,57198.49843,35465,20186,545286,27858,14968,54008,69708.0511,43112,388474,836148073,27143,116361350,46230.17481,252722,1191481488,192,193,148,58918,66.192,32.9186,48753.6,163,118,175,100,175,101,147,79,159,4.7626,5.4904,5.0019,4.7592,30.7224,27.9685,11.0201,13.1946,74.2469,72.5924,59.0718,59.4182,11.7558,12.7835,19.8005,14.1505,9.6142,12.5911,9.3307,8.1055,7.5229,51.0764,12.8095,6.028,26.803,31,5,8,1200
1494,2014,10012,34.4,2.2856,3.66805,13.5235,29.6177,14.0582,10.6001,11.4161,2.57477,7.13012,3.58487,1.5409,24.6973,2.3597,3.23161,43.7548,25.9567,8.87249,27.3237,51.4188,4.84298,0.76338,54.2313,1.24228,2.535,0.428806,1.66477,1.38101,70.2104,1505,8698,1533,6.57587,18.1878,6.96209,7.82092,344,3105,94.2806,3.32955,88.643,1.55127,12.5363,2.13772,13.047,7.41582,3.70791,16.7865,0.06306,1.8981,21.6484,7.38429,0.662126,3.03317,0.137286,5.10783,7.14466,1.60172,0.390114,1.41884,0.079331,55729,110475.4531,51974,228684188,379298,110366,30959890,113406.1905,243330,48074,66193,720846720,181436.3755,361770,137083,76085714,84072.61215,71845,38234,234272,81899,38553,78507,117636.4848,90676,329239,1153308097,50893,17541840,85154.56311,446906,1541168184,181,198,95,25245,43.1373,50.3823,73740.3,151,121,151,63,158,97,117,77,142,17.4292,15.025,2.551,1.98156,7.88275,6.56892,1.49525,1.80234,78.5802,74.5415,72.4759,67.954,6.94583,9.80374,14.8955,43.0858,6.6745,7.4342,7.28046,2.78557,8.51318,46.5679,5.92824,27.7691,8.11232,21,9,5,1786
1533,2014,10128,37.3,4.19302,5.66349,8.29869,24.0177,13.8247,12.3364,12.571,4.62494,8.39575,4.21405,1.86033,51.9509,1.99132,6.68064,31.6035,7.77362,6.43562,13.8715,55.1048,9.09167,0.058837,65.3676,1.58299,3.75995,0.692032,0.57716,8.62098,65.3189,3977,17780,3172,4.65487,22.8155,6.76024,5.2561,1592,7762,92.6824,3.02309,90.6618,2.29183,6.0826,2.50756,15.8523,6.35717,3.533,10.9268,0.141886,1.1263,21.1336,5.39056,1.36725,3.42934,0.168105,15.037,3.81598,2.01166,0.123277,2.66166,0.079331,101042,151657.4748,78897,503047844,456543,54114,126235510,73865.13166,265255,37727,93358,3384499937,262303.3354,476552,173000,296685950,95859.75767,55101,45856,385527,98513,26403,81061,108304.4526,86297,326771,2144211553,34747,38310324,53061.39058,210237,4787225074,146,197,192,61817,58.6457,40.1944,130660.4,110,121,96,33,96,47,69,42,88,10.3143,10.1437,5.41275,5.2263,10.4664,9.46483,2.20795,2.34725,79.9786,78.6111,72.1621,70.7136,7.28529,9.15331,22.438,39.4457,4.56145,5.77784,5.6953,4.31817,7.70012,46.2977,6.26833,29.9487,8.94428,5,3,2,1780
1594,2014,11101,34,6.18325,6.40791,10.3273,23.6235,15.8159,12.764,9.73283,5.76159,5.64407,2.73045,1.00923,51.32,2.60413,10.8481,28.0555,7.17215,2.7426,6.2758,62.4012,19.1003,0.076961,70.531,1.5742,0.314839,0.153921,0.839572,6.38774,34.4124,2970,5073,5715,20.9547,8.84904,21.7882,0.978919,1371,1782,86.6295,12.7265,62.5971,2.5397,15.0563,7.40922,5.40125,4.59666,3.93199,8.12286,0.209893,3.42825,10.7955,11.5931,4.08592,2.92451,0.041979,12.3347,3.77807,3.95998,0.020989,3.54019,0.006996,61295,79163.53484,29553,157931252,305098,24155,91709682,42915.15302,243491,17739,23013,475714835,76053.53078,337563,53103,221461134,64434.42944,48084,21395,267194,41269,13276,45904,66946.80409,47951,384351,386483900,28617,57153900,41627.02112,208500,510945996,177,196,92,28933,71.4478,27.8575,16225.8,124,117,130,55,131,62,81,49,115,18.4703,16.5863,17.8689,17.7669,35.7758,28.575,11.415,14.8792,48.9358,42.792,33.8045,27.3114,15.122,16.114,15.8417,9.20937,10.1527,13.7898,10.7459,7.86735,13.8334,21.4915,15.7949,3.41792,57.0689,49,8,12,1114
1610,2014,11211,30.2,6.27493,9.59388,13.0992,27.8285,11.6408,8.22543,7.90007,6.59865,4.37676,3.07534,1.38644,53.3626,2.15008,4.98232,25.5152,13.9898,7.45662,17.4417,53.8093,11.3899,0.135515,59.6133,0.951909,0.300777,0.393323,2.61114,4.47199,36.681,5947,10066,7070,24.1563,10.269,17.5209,0.870337,1563,7729,92.8723,9.11585,73.1813,2.59461,16.8071,4.59098,3.75145,8.00198,5.34127,11.5386,0.013221,3.32507,16.1758,9.99504,2.41613,1.92365,0.137286,8.55065,7.09635,2.6475,0.042968,2.18476,0.099157,83101,88420.82616,40154,112913395,309495,33362,60323875,52003.34052,249571,19096,17358,712434245,62428.51779,332902,38071,395892610,61984.12557,37285,21733,454666,30087,11598,61858,81600.00457,50165,362525,983035255,19313,78980692,33810.22774,247867,1369417232,179,189,195,61164,67.1032,32.0385,49416.3,161,118,177,103,177,114,149,88,156,4.59748,5.44354,5.1648,4.9448,29.7822,27.2262,9.9578,11.134,75.0245,74.4163,58.8047,59.6822,10.4745,12.6708,19.4385,16.2634,8.85466,12.2435,8.96894,9.01863,7.21066,51.5085,13.0005,6.30828,25.8914,31,5,8,1236
1706,2015,10012,34.8,2.2286,3.584,13.194,29.2133,14.0475,10.1158,11.5739,2.4973,8.061,3.7658,1.7189,22.9217,2.1156,2.9918,40.0675,23.0774,8.826,26.4715,52.2552,4.6661,0.76338,55.0652,1.272,2.6413,0.4478,1.7587,1.3434,70.9892,1448,8993,1570,6.2321,18.0166,7.0778,7.702,326,3018,95.0586,3.3227,88.5651,1.4277,12.7588,2.1286,13.0443,7.5021,3.5044,16.1204,0.0844,1.9145,22.1494,7.3788,0.6814,3.3162,0.137286,5.0814,7.1517,1.6224,0.390114,1.285,0.079331,58581,109990.2214,51186,230539504,334166,113372,29408938,110559.9173,215189,46096,66147,719617986,180400.5981,348553,139951,64606342,72347.52744,59259,32646,241974,84568,33718,82646,121744.1327,93962,319416,1198205754,46471,17803040,77404.52174,364890,1577708720,198,198,87,25307,42.9881,50.3892,74471.1,146,123,148,60,152,103,111,77,136,17.7974,15.1544,2.521,1.9232,7.82,6.4565,1.6629,2.0864,78.259,73.7187,73.6751,68.5621,6.9544,8.8131,15.2326,43.5035,6.3106,7.7795,7.6163,2.6113,9.3049,44.8203,6.1311,30.1621,8.1748,21,9,5,1806
1745,2015,10128,37.9,4.0946,5.5381,8.1053,23.7346,13.7741,11.7155,12.7036,4.4853,9.5116,4.3723,1.965,49.2563,1.8208,6.2489,29.2614,7.0325,6.38,13.4296,55.5736,8.708,0.0655,66.0654,1.5843,3.8554,0.7152,0.587,8.842,66.2598,3740,18463,3246,4.4695,22.6879,6.9378,5.2438,1468,7663,95.0696,3.0091,90.6166,2.1542,6.115,2.5218,15.695,6.4826,3.3909,10.5773,0.141886,1.1398,21.3398,5.4283,1.4561,3.7499,0.1653,15.0937,3.7642,2.0887,0.1225,2.4791,0.079331,104003,149166.9712,76484,507316869,396833,56034,129136994,75784.62089,262773,39038,93065,3380589096,260666.9054,465555,176842,264236360,85791.02597,44659,40671,438035,100971,25107,84504,112904.2972,89934,323235,2237650267,35361,42229592,52589.77833,242321,4861257120,199,196,192,61935,58.6502,40.1728,130662.1,108,124,98,36,91,50,66,43,83,10.7096,10.3727,5.3411,5.197,10.49,9.3937,2.4491,2.7158,79.401,77.7347,73.225,71.1181,7.1833,8.2861,22.9012,39.7829,4.3588,6.0152,5.9367,4.1191,8.4569,44.9323,6.2397,31.7597,9.0459,5,3,2,1792
1806,2015,11101,34.2,5.8997,6.4338,10.0548,23.7981,15.6569,12.0698,9.9939,5.7238,6.3966,2.8602,1.1123,50.5538,2.3065,10.3127,27.0681,6.7723,2.9865,6.3727,61.813,19.083,0.0771,70.1346,1.5704,0.3225,0.1753,0.8833,6.569,34.6894,2959,5220,5801,20.538,9.0204,22.3863,1.1193,1434,1818,94.6265,12.5841,62.3948,2.4537,15.2973,7.1088,5.3842,5.0687,4.0451,7.8099,0.2173,3.4352,11.182,11.1399,4.0381,2.8393,0.0491,12.2686,3.7928,4.0872,0.028,3.5404,0.007,62792,84016.01643,31281,173829138,271807,25252,95382274,44138.02591,233278,18308,23464,494912178,77791.91732,308811,54937,192189965,54833.08559,39864,18404,272355,43641,13228,48022,71260.23741,51315,361622,424425974,28816,59910220,41924.57663,245527,543157729,175,196,90,29578,71.3098,27.9634,16391.1,135,119,142,64,143,75,89,58,128,18.7876,16.7966,17.6144,17.5434,35.3066,28.4543,11.6009,15.3121,48.628,42.0786,34.3968,26.1715,15.0513,16.087,15.707,9.5116,10.2242,13.9966,10.8324,7.4116,13.3268,20.7497,16.4203,3.6431,56.7582,49,8,12,1115
1822,2015,11211,30.5,6.1438,9.4269,12.8888,27.4796,11.6945,7.928,8.1778,6.4984,5.0575,3.2299,1.4747,49.8849,2.2927,4.4771,23.6928,12.0326,7.6199,16.7604,54.5313,11.2537,0.1389,60.2106,0.8839,0.3014,0.4098,2.6348,4.406,37.3203,6016,10465,7094,23.5851,10.4693,17.6603,0.9193,1579,7672,93.6743,8.8763,73.2153,2.4925,16.8416,4.5787,3.8844,8.1719,5.3644,11.3824,0.0135,3.1462,16.3404,10.0481,2.3808,1.927,0.137286,8.4936,7.0001,2.7364,0.0474,2.0455,0.105,87342,94579.80801,42786,127588161,275009,36014,61911404,53602.94719,229829,19862,17666,729062061,63418.75966,303724,39679,343398568,53447.24794,30492,18958,502162,31670,11697,63590,84896.86892,52060,348887,1053739937,19574,93841138,34173.75747,238633,1423581827,176,187,195,62046,66.5152,32.6226,49341.8,158,118,176,104,177,125,150,96,153,4.8061,5.6425,5.0237,4.831,29.1945,26.8738,11.4857,12.9307,73.2976,72.4462,60.0761,59.2544,10.3988,12.5275,19.3443,16.3543,9.3663,12.4835,9.1412,8.2701,6.9583,50.7271,12.7517,6.8233,26.0067,31,5,8,1233
1918,2016,10012,34.7,2.2123,3.524,13.1172,29.4921,13.9904,9.8477,11.5431,2.5138,8.2854,3.7668,1.7072,23.9446,2.1107,2.9843,39.0958,23.0647,8.7999,26.6293,52.1298,4.6805,0.76338,54.9611,1.2817,2.6527,0.44,1.7217,1.3519,71.0138,1412,9046,1585,6.2394,18.3199,7.1905,7.6486,339,3058,95.3951,3.3542,88.4198,1.4029,12.6196,2.1553,13.2891,7.4927,3.4307,15.8781,0.0829,1.9832,22.3377,7.2759,0.7142,3.3287,0.137286,5.1269,7.1356,1.5878,0.390114,1.2945,0.079331,63984,125182,57210,260878582,366754,113068,32067442,118330,264894,49335,72719,802524893,196360,379049,144605,65478571,72272,59491,32512,232987,91708,30643,84894,131322,100315,354437,1286039797,40625,17313538,71544,563936,1720894342,198,198,80,25539,43.2123,50.1977,74937.1,141,125,145,58,147,109,106,78,130,17.855,15.0144,2.5451,1.9524,7.886,6.5274,1.7435,2.2123,78.3069,73.4759,73.7536,68.3269,6.908,8.9525,15.2301,43.3306,6.3226,7.6916,7.5925,2.738,9.0671,44.1474,5.7081,31.6474,8.1647,21,9,5,1801
1957,2016,10128,38,4.0885,5.4375,8.0191,23.7829,13.7165,11.4298,12.7119,4.5605,9.8448,4.4297,1.9789,50.4224,1.7789,6.1619,28.2138,6.9898,6.4332,13.5293,55.4458,8.6736,0.0643,65.9599,1.6195,3.8795,0.6965,0.5846,8.8303,66.1658,3658,18593,3300,4.4872,22.9478,7.0317,5.1566,1562,7754,95.3997,3.0907,90.4173,2.1062,6.1227,2.5621,15.9767,6.4528,3.3061,10.2652,0.141886,1.2279,21.5373,5.3228,1.4852,3.7816,0.1622,15.0397,3.7956,2.0726,0.1175,2.4614,0.079331,113667,170794,86300,579505520,441680,55345,131288592,76598,286089,39438,103085,3820449734,286907,506561,185318,277055642,88914,44912,41902,478157,110279,21137,86248,120431,94800,360613,2364304445,30517,37814609,45450,231259,5368505840,198,195,187,62713,59.0962,39.7685,131392.5,108,124,99,40,86,53,66,44,80,10.7075,10.298,5.3083,5.2021,10.5433,9.4573,2.5252,2.8527,79.3675,77.6251,73.27,71.0746,7.1925,8.3703,22.8379,39.5741,4.3503,5.98,5.9192,4.2764,8.3173,43.9277,5.8213,33.2553,8.9662,5,3,2,1788
2018,2016,11101,34,5.9165,6.3835,9.9948,24.3127,15.7121,11.6829,9.8511,5.7663,6.488,2.8211,1.071,50.3567,2.389,10.3297,26.7968,6.8641,3.2638,6.3392,61.6756,19.0781,0.0808,69.9058,1.5343,0.3499,0.1682,0.8479,6.5074,34.9719,3011,5432,5954,19.9573,9.1594,22.844,1.1574,1472,1847,95.2625,12.8466,62.6312,2.3688,15.2355,7.3015,5.4509,5.2423,4.0444,7.7927,0.2221,3.6137,11.245,11.2113,3.9838,2.8197,0.0471,11.9179,3.9166,4.0242,0.0269,3.4455,0.0067,68464,93055,34559,200440638,287008,25208,97957600,44729,248610,18282,24461,535728839,81567,323749,55714,200388281,55555,40140,18676,279341,47156,11169,47915,74798,53873,386996,455068535,24437,55255300,35927,324198.717,596046916,172,196,78,30626,71.5111,27.5811,16372.6,143,115,151,76,154,88,96,66,141,18.9382,17.025,17.4949,17.3095,35.0356,28.5093,12.1562,16.1529,48.111,41.2721,34.4451,26.0824,14.1271,16.3105,15.7091,10.519,10.5283,13.683,10.7781,7.1052,13.9027,21.3901,17.1317,3.5242,55.6535,49,8,12,1129
2034,2016,11211,30.5,6.1989,9.3449,12.8005,27.4851,11.6949,7.7624,8.1399,6.6284,5.2086,3.2455,1.4909,49.5935,2.4717,4.623,23.6402,12.0613,7.6102,16.6777,54.5668,11.2749,0.152,60.3331,0.9021,0.3238,0.4197,2.5907,4.4643,37.2468,6109,10662,7184,23.493,10.4411,17.8365,0.9108,1625,7938,94.4566,9.2162,73.3197,2.6931,16.562,4.4577,3.8828,8.2711,5.5317,11.265,0.0198,3.1987,16.1721,9.996,2.4717,2.0422,0.137286,8.5652,6.8403,2.7526,0.0496,1.9562,0.1124,95336,103944,46741,143027323,291069,35900,64499090,54292,261070,20081,18215,766376662,66382,325780,40203,363146970,55131,30486,19689,561586,33427,10147,62657,87898,53693,379490,1111292340,16462,88987985,29862,264155,1512599904,173,188,192,63318,66.4487,32.6874,50830.2,155,118,175,106,175,133,150,102,149,4.8327,5.6888,5.0728,4.9115,29.1292,27.2325,12.3202,13.8507,72.3086,71.4662,59.3931,58.7132,10.3507,12.3889,19.3054,16.3833,9.3991,12.5628,9.1625,8.3366,7.162,49.1426,14.0943,6.6452,26.3666,31,5,8,1229